Id,prediction
1,88.566154
2,84.91092
3,85.409004
4,84.812035
5,85.283424
6,81.93686
7,89.14493
8,86.99633
9,86.07228
10,86.68621
11,83.76295
12,89.18361
13,86.766815
14,91.53256
15,92.61926
16,84.86543
17,83.46762
18,88.494576
19,87.210976
20,85.46026
21,86.9185
22,88.991196
23,88.74967
24,86.5965
25,87.93893
26,90.023155
27,84.47053
28,91.83643
29,88.32156
30,87.73573
31,89.31306
32,86.006325
33,86.65468
34,88.86042
35,87.640594
36,85.15822
37,91.23964
38,88.21968
39,90.09593
40,90.86557
41,90.318016
42,89.16251
43,93.40667
44,89.23612
45,82.790054
46,89.70357
47,87.05993
48,87.70682
49,89.62555
50,88.9586
51,87.37185
52,87.60637
53,89.25867
54,88.004036
55,90.76631
56,88.24322
57,94.06199
58,86.6942
59,87.56964
60,86.79754
61,81.103584
62,83.6461
63,87.05993
64,88.03931
65,86.3009
66,89.230606
67,85.10279
68,83.33218
69,85.00766
70,90.28794
71,85.84296
72,90.530754
73,90.4633
74,83.839264
75,81.58584
76,91.49475
77,85.89683
78,90.75551
79,87.711296
80,91.81196
81,90.18117
82,83.070564
83,85.78463
84,91.69865
85,91.5363
86,79.53613
87,86.8841
88,85.935646
89,83.20419
90,85.97143
91,90.455
92,87.05993
93,88.02086
94,89.28433
95,81.074265
96,91.00455
97,89.617256
98,86.052246
99,83.21516
100,89.29044
101,82.4125
102,86.01673
103,87.05993
104,87.05993
105,84.91051
106,92.79097
107,90.13515
108,88.146164
109,87.73198
110,87.48324
111,86.4982
112,88.817955
113,88.60018
114,91.21442
115,83.1033
116,91.38461
117,83.09307
118,82.21856
119,87.05993
120,88.3453
121,87.88977
122,88.09762
123,83.87186
124,87.25804
125,87.71954
126,86.56045
127,87.22736
128,88.9288
129,82.65264
130,84.77885
131,92.08112
132,86.44512
133,86.623505
134,84.7234
135,85.903244
136,86.29658
137,85.84624
138,88.3668
139,92.893295
140,94.05261
141,89.75839
142,85.559364
143,87.22601
144,87.13051
145,87.70558
146,90.66607
147,91.78779
148,89.622986
149,87.05993
150,86.02265
151,88.53026
152,91.332756
153,89.65138
154,90.14755
155,90.65463
156,84.98359
157,90.208565
158,85.26164
159,87.25804
160,87.46175
161,90.951866
162,84.879105
163,88.625946
164,85.6992
165,92.75229
166,84.27064
167,90.74622
168,87.389984
169,89.47657
170,87.685005
171,87.57155
172,89.62731
173,90.396614
174,92.238625
175,88.10099
176,88.80093
177,84.49045
178,89.66806
179,88.954796
180,88.853
181,85.559364
182,89.5252
183,91.18679
184,86.1929
185,88.36092
186,96.04721
187,86.30879
188,88.78173
189,90.2314
190,85.40614
191,89.78667
192,87.656044
193,87.50099
194,88.95236
195,87.62151
196,84.99038
197,86.645676
198,88.320564
199,91.71322
200,88.29556
201,90.47236
202,82.45505
203,87.12647
204,86.32438
205,86.186455
206,83.16274
207,84.77992
208,87.05993
209,92.29365
210,87.11299
211,86.35664
212,94.84743
213,89.358955
214,88.82209
215,86.66724
216,90.59659
217,86.37373
218,86.5829
219,89.65753
220,94.79589
221,94.07564
222,82.046364
223,92.02824
224,88.140564
225,88.25588
226,96.64898
227,87.26313
228,87.00552
229,87.50399
230,88.3289
231,88.681564
232,88.13022
233,85.67566
234,88.478645
235,89.15983
236,88.09213
237,82.61966
238,90.3142
239,87.389984
240,89.19704
241,88.07671
242,83.164505
243,88.66162
244,86.2261
245,87.42638
246,89.9043
247,87.05778
248,89.09637
249,93.436264
250,93.417274
251,83.22858
252,89.35706
253,93.021194
254,87.57959
255,88.105705
256,93.12376
257,91.60374
258,85.54167
259,86.6366
260,88.982376
261,90.07481
262,88.91082
263,89.16429
264,87.98532
265,92.182434
266,91.52888
267,86.837135
268,94.59066
269,89.1666
270,88.81079
271,91.63341
272,96.921745
273,89.16029
274,89.124535
275,91.28418
276,92.071495
277,87.05993
278,91.57216
279,88.92436
280,88.578094
281,87.31267
282,86.47169
283,87.693855
284,89.78406
285,85.42829
286,91.73859
287,90.74421
288,81.679535
289,87.961815
290,86.08485
291,84.44541
292,82.96759
293,90.837524
294,89.0156
295,88.95925
296,89.70256
297,87.98906
298,91.04991
299,89.964355
300,87.05993
301,86.95774
302,90.55497
303,82.7437
304,89.8943
305,90.068184
306,88.5945
307,86.423256
308,88.227234
309,85.82028
310,87.40756
311,86.13225
312,85.62115
313,86.60464
314,87.52986
315,89.0749
316,88.17843
317,83.43339
318,89.06702
319,86.66752
320,86.12167
321,87.71855
322,91.04888
323,89.5335
324,87.006454
325,83.711266
326,93.497185
327,90.392235
328,85.02683
329,87.05993
330,91.28113
331,83.60444
332,91.73428
333,90.68312
334,87.916794
335,84.66314
336,88.79073
337,87.404915
338,86.206665
339,91.01493
340,86.062675
341,88.42529
342,86.509796
343,90.00479
344,86.53697
345,85.32224
346,91.10413
347,88.570854
348,87.00643
349,84.11587
350,81.675446
351,86.80088
352,86.879135
353,89.85379
354,90.80121
355,91.556625
356,90.35994
357,92.91835
358,85.88037
359,84.84051
360,86.93031
361,87.63638
362,85.72288
363,84.879105
364,88.88869
365,87.53715
366,89.10336
367,84.26257
368,85.869896
369,87.05993
370,92.58993
371,87.10898
372,87.05993
373,84.879105
374,92.47135
375,81.87972
376,92.28185
377,86.83172
378,86.350174
379,91.413895
380,86.0044
381,85.718636
382,90.101746
383,88.919075
384,82.35629
385,84.879105
386,87.05993
387,87.289
388,84.879105
389,81.75145
390,86.036804
391,86.07228
392,89.36259
393,88.188255
394,90.08379
395,82.50885
396,82.61966
397,90.27469
398,85.72142
399,89.236496
400,87.36198
401,85.72142
402,86.74941
403,88.36213
404,85.46208
405,88.265816
406,86.60066
407,89.425026
408,88.795876
409,90.34
410,85.306335
411,87.16434
412,91.59244
413,86.31845
414,89.39291
415,92.712074
416,85.74455
417,87.95421
418,87.06791
419,86.74475
420,84.98379
421,87.54187
422,90.74868
423,85.1341
424,90.73772
425,87.48637
426,92.11919
427,88.430305
428,93.649475
429,86.42847
430,89.25772
431,89.405716
432,87.541176
433,94.08121
434,82.81755
435,90.381584
436,84.76351
437,91.464836
438,90.41689
439,86.33668
440,88.63714
441,88.076126
442,83.3496
443,87.85049
444,91.20884
445,91.51042
446,87.64244
447,88.4847
448,92.73401
449,89.41768
450,90.37514
451,83.614136
452,86.29986
453,88.96622
454,89.43513
455,84.03911
456,85.54708
457,87.47471
458,84.351135
459,91.36064
460,83.54451
461,87.88761
462,85.79096
463,93.183495
464,85.20099
465,85.04555
466,83.79145
467,84.76351
468,84.76351
469,89.28289
470,88.61094
471,87.84858
472,87.94416
473,85.93672
474,87.19054
475,87.36928
476,83.385414
477,88.93644
478,90.14024
479,88.69364
480,86.39304
481,85.186646
482,88.40613
483,83.36192
484,89.92161
485,90.13322
486,89.53214
487,85.64083
488,91.99564
489,89.811745
490,87.809135
491,84.99283
492,85.162186
493,91.80138
494,85.78913
495,91.7409
496,89.52699
497,89.696846
498,91.36473
499,91.04273
500,89.575966
501,83.70675
502,83.6069
503,84.59945
504,85.256584
505,86.7628
506,92.42235
507,80.84876
508,87.05993
509,84.78059
510,86.5678
511,89.41914
512,90.622375
513,86.50279
514,85.39617
515,88.04242
516,87.12174
517,83.64685
518,84.98379
519,85.04598
520,86.016685
521,86.13209
522,88.24032
523,85.5029
524,90.868256
525,86.64429
526,86.16151
527,87.05993
528,87.05993
529,88.01793
530,89.08284
531,89.32815
532,88.89891
533,85.32224
534,87.70356
535,88.949974
536,87.84922
537,83.62451
538,92.54546
539,89.093254
540,82.47281
541,88.17978
542,92.14661
543,93.85243
544,88.29048
545,89.24737
546,88.13551
547,81.4981
548,89.75897
549,87.660805
550,87.09719
551,84.60489
552,87.14005
553,97.05398
554,86.591
555,90.14521
556,84.89508
557,89.08948
558,83.42331
559,88.82502
560,82.58789
561,88.14851
562,88.89102
563,89.453354
564,85.14135
565,91.09497
566,92.204704
567,83.20598
568,91.201416
569,93.570114
570,88.57186
571,84.30681
572,88.69364
573,89.00999
574,90.24067
575,87.486275
576,81.690636
577,84.71171
578,85.38152
579,88.47666
580,88.590706
581,92.16588
582,91.548805
583,89.756
584,88.15875
585,85.96761
586,90.292206
587,88.12753
588,88.68103
589,90.71557
590,84.98871
591,90.231636
592,89.17653
593,87.064896
594,84.00091
595,87.21824
596,88.96647
597,88.161644
598,91.54834
599,86.84461
600,87.20822
601,88.14481
602,89.083885
603,83.15401
604,85.852005
605,93.38616
606,77.39762
607,89.03979
608,89.5426
609,87.05993
610,86.78013
611,87.06456
612,89.556946
613,89.395096
614,83.07465
615,92.26308
616,88.22881
617,91.60072
618,87.404915
619,87.389984
620,88.2098
621,87.89999
622,89.36406
623,87.019005
624,90.20781
625,87.01226
626,88.45034
627,89.8407
628,88.89098
629,89.34605
630,87.55632
631,91.434555
632,87.05993
633,86.09964
634,89.33192
635,93.74799
636,86.68621
637,89.76434
638,87.05993
639,87.05993
640,90.898735
641,91.572044
642,87.32448
643,87.7918
644,87.7918
645,92.125595
646,89.598404
647,85.12147
648,88.74116
649,91.075584
650,83.63556
651,89.946915
652,88.912445
653,87.740425
654,85.44901
655,89.61665
656,86.66682
657,83.68111
658,85.22284
659,94.29433
660,87.05993
661,91.557236
662,86.13209
663,88.53978
664,84.83893
665,88.53026
666,88.55856
667,89.58884
668,88.87098
669,91.50206
670,94.8405
671,92.32682
672,87.79342
673,88.94079
674,86.82536
675,92.75234
676,86.47169
677,88.90417
678,87.398056
679,91.1857
680,89.47553
681,86.42985
682,82.09093
683,87.2075
684,89.053665
685,89.59127
686,87.99444
687,91.646454
688,85.951805
689,87.516396
690,84.95953
691,86.97963
692,88.18523
693,87.8911
694,88.147156
695,89.915245
696,82.15167
697,87.666504
698,89.244125
699,86.51282
700,89.45411
701,85.209694
702,88.72438
703,87.4987
704,85.27177
705,86.68621
706,84.86743
707,93.08398
708,87.85038
709,87.47385
710,92.52493
711,87.53862
712,84.02407
713,84.60449
714,88.56622
715,85.852516
716,86.63807
717,87.14005
718,86.49898
719,87.13895
720,87.35091
721,84.60013
722,91.43491
723,87.37215
724,88.02412
725,81.47817
726,84.80104
727,91.28763
728,87.16859
729,87.925545
730,91.47394
731,90.45927
732,89.70503
733,84.41361
734,90.6548
735,87.00245
736,88.857956
737,89.66155
738,94.07541
739,87.26451
740,87.16526
741,92.36718
742,83.438995
743,89.18873
744,89.13244
745,95.42589
746,83.6208
747,92.39928
748,85.90918
749,87.5308
750,85.08277
751,89.69787
752,91.12399
753,87.07657
754,86.68852
755,85.88953
756,86.90099
757,88.494225
758,85.38297
759,86.73179
760,91.10168
761,85.581436
762,91.145935
763,85.265945
764,86.71808
765,85.559364
766,85.77024
767,81.459076
768,86.07684
769,92.73511
770,90.02087
771,86.837135
772,85.28824
773,87.18076
774,92.422935
775,86.67604
776,85.49363
777,87.98578
778,89.48689
779,90.1766
780,84.70231
781,86.005714
782,85.9109
783,83.71745
784,87.941444
785,86.951355
786,88.227325
787,87.863754
788,86.02873
789,86.83667
790,85.867455
791,88.63177
792,84.24959
793,91.18686
794,88.72837
795,89.80426
796,91.86892
797,83.98639
798,86.6512
799,87.79347
800,81.85824
801,89.44472
802,91.7319
803,89.176315
804,87.05993
805,92.53311
806,88.31383
807,87.37309
808,88.2504
809,87.389984
810,90.81868
811,87.05993
812,88.27578
813,93.8124
814,88.28095
815,85.65084
816,81.953026
817,91.78527
818,88.32027
819,87.404915
820,89.78071
821,87.05993
822,89.34527
823,84.44121
824,87.290924
825,92.5253
826,86.341545
827,86.80582
828,91.349754
829,85.73627
830,86.398544
831,86.8841
832,87.78018
833,83.991516
834,87.19592
835,90.86397
836,88.02076
837,87.05993
838,87.16936
839,89.739525
840,92.31192
841,84.879105
842,87.05993
843,87.9081
844,85.786804
845,91.119736
846,87.389984
847,86.55623
848,90.82238
849,88.92592
850,88.12924
851,93.20411
852,88.84242
853,89.37363
854,88.7806
855,87.24514
856,83.88984
857,88.208435
858,85.13639
859,88.25588
860,90.06493
861,89.50462
862,89.68883
863,89.88355
864,87.031944
865,85.49538
866,90.075226
867,91.418175
868,87.381035
869,86.07651
870,86.75736
871,90.43465
872,90.40769
873,88.76342
874,87.2075
875,86.473465
876,82.5992
877,82.91815
878,86.71404
879,93.31606
880,86.96493
881,88.8807
882,87.82805
883,93.06031
884,89.87933
885,85.30588
886,89.13605
887,82.602585
888,86.85764
889,89.77203
890,90.970505
891,89.06715
892,90.41968
893,82.35369
894,85.24101
895,89.17882
896,84.08406
897,84.31283
898,87.389984
899,87.44562
900,86.7899
901,89.721664
902,89.44056
903,92.114944
904,89.891846
905,86.44083
906,87.9412
907,91.52846
908,82.99167
909,87.35558
910,89.85013
911,90.39107
912,95.212845
913,92.72838
914,85.559364
915,87.05993
916,90.00955
917,90.241425
918,88.54927
919,89.32499
920,90.74833
921,90.17551
922,91.281975
923,87.389984
924,84.15513
925,86.156654
926,86.66295
927,87.1856
928,84.59945
929,83.731155
930,86.13077
931,87.605644
932,86.97884
933,89.717804
934,89.98569
935,87.389984
936,84.76351
937,87.7373
938,89.47363
939,83.468475
940,86.156654
941,83.20419
942,86.52785
943,87.80656
944,86.62981
945,85.439125
946,87.507065
947,86.16013
948,86.32552
949,86.603935
950,85.04627
951,85.84422
952,88.47195
953,90.10518
954,87.482376
955,86.96874
956,91.204254
957,85.59558
958,87.4584
959,83.90456
960,88.55548
961,86.81487
962,90.023575
963,84.775795
964,89.625175
965,89.2389
966,93.298294
967,85.842354
968,89.92584
969,91.807045
970,88.555435
971,88.78827
972,86.8816
973,87.97773
974,87.2075
975,86.23275
976,85.32469
977,91.83351
978,87.413826
979,84.30793
980,88.53483
981,90.00064
982,87.73573
983,92.416306
984,84.956856
985,86.68621
986,90.25769
987,87.508736
988,87.65083
989,91.67575
990,96.50957
991,86.579865
992,89.23601
993,89.96354
994,90.879585
995,86.77922
996,86.60371
997,93.989494
998,84.37516
999,88.006584
1000,94.81989
1001,89.37834
1002,88.3367
1003,87.43606
1004,85.875725
1005,85.32224
1006,90.0797
1007,87.19981
1008,85.836494
1009,88.39416
1010,85.97143
1011,90.13668
1012,89.3034
1013,89.62726
1014,83.44611
1015,84.775795
1016,82.083595
1017,85.94116
1018,90.16694
1019,85.75248
1020,87.26258
1021,91.19959
1022,90.136665
1023,87.63052
1024,86.79838
1025,86.21427
1026,88.67083
1027,87.67406
1028,92.10338
1029,88.97087
1030,86.544556
1031,87.05993
1032,87.28606
1033,88.39332
1034,83.49116
1035,81.58749
1036,94.23297
1037,88.3067
1038,90.509186
1039,92.74649
1040,91.38991
1041,87.93057
1042,91.631096
1043,89.08858
1044,86.399895
1045,87.10806
1046,90.081474
1047,91.94854
1048,92.40856
1049,87.34143
1050,88.63928
1051,88.25569
1052,89.912476
1053,82.71994
1054,86.125755
1055,91.47318
1056,87.14005
1057,83.88675
1058,89.52544
1059,91.98332
1060,84.9792
1061,88.55789
1062,92.69075
1063,92.28979
1064,89.23098
1065,86.9902
1066,94.399086
1067,85.76119
1068,89.69632
1069,80.55701
1070,90.74599
1071,89.00708
1072,87.381035
1073,90.00377
1074,83.63693
1075,88.740944
1076,87.7142
1077,91.266235
1078,85.34815
1079,88.44182
1080,86.83172
1081,85.92601
1082,86.01708
1083,83.03347
1084,89.40803
1085,90.01618
1086,87.84858
1087,89.90792
1088,86.8807
1089,89.15241
1090,86.30463
1091,86.6366
1092,91.10072
1093,87.7918
1094,85.945885
1095,88.90036
1096,92.60557
1097,87.4987
1098,84.90469
1099,90.32395
1100,85.66115
1101,86.36972
1102,87.538956
1103,89.058044
1104,85.95765
1105,89.43394
1106,87.02807
1107,88.60598
1108,85.27933
1109,89.59641
1110,89.07355
1111,82.97557
1112,87.404915
1113,90.79625
1114,87.46175
1115,85.491974
1116,89.54126
1117,88.2504
1118,83.4903
1119,85.59689
1120,85.56347
1121,87.05993
1122,92.64818
1123,91.78817
1124,87.894066
1125,88.30054
1126,86.66724
1127,88.441376
1128,92.93121
1129,87.381035
1130,90.528625
1131,87.11735
1132,85.5401
1133,85.72142
1134,88.86042
1135,85.72454
1136,85.852005
1137,87.05993
1138,81.6798
1139,91.446846
1140,87.4987
1141,86.180374
1142,89.269806
1143,88.16219
1144,88.53146
1145,86.26288
1146,88.743744
1147,87.113464
1148,90.92657
1149,85.65279
1150,88.71588
1151,88.332
1152,91.93108
1153,86.57369
1154,88.28032
1155,86.592674
1156,93.69588
1157,90.58285
1158,84.978226
1159,94.94708
1160,89.69255
1161,87.00954
1162,89.85652
1163,88.392265
1164,84.90723
1165,91.89437
1166,89.18367
1167,84.08865
1168,86.63805
1169,90.08855
1170,90.580345
1171,83.5495
1172,84.625565
1173,87.05658
1174,92.49974
1175,83.71745
1176,88.45675
1177,91.51984
1178,88.69364
1179,94.6302
1180,89.90108
1181,89.7276
1182,86.86071
1183,87.73573
1184,92.05977
1185,89.07736
1186,87.05993
1187,87.2678
1188,90.29277
1189,87.27833
1190,85.48303
1191,85.6169
1192,88.78761
1193,90.77275
1194,84.546616
1195,86.47169
1196,84.47087
1197,89.568405
1198,87.77398
1199,86.87551
1200,86.44258
1201,86.80845
1202,86.48061
1203,86.351654
1204,89.28584
1205,91.37773
1206,89.71508
1207,89.53646
1208,87.070404
1209,87.98561
1210,87.11735
1211,87.63535
1212,88.1275
1213,83.29048
1214,86.43729
1215,87.389984
1216,87.8393
1217,87.25804
1218,88.9414
1219,87.59515
1220,87.33625
1221,85.541176
1222,88.31228
1223,84.157394
1224,91.003586
1225,90.86341
1226,86.83172
1227,79.78093
1228,88.180244
1229,81.87974
1230,86.401794
1231,86.76759
1232,85.467445
1233,83.93443
1234,90.56162
1235,87.60765
1236,87.65123
1237,86.18939
1238,90.02398
1239,82.47571
1240,85.559364
1241,89.63575
1242,90.92595
1243,85.9768
1244,91.42449
1245,90.739586
1246,88.29261
1247,86.66724
1248,90.42024
1249,87.08277
1250,88.53689
1251,87.938095
1252,85.852005
1253,87.26566
1254,94.42852
1255,85.05966
1256,85.60825
1257,85.77952
1258,86.5326
1259,83.42207
1260,91.75794
1261,87.962494
1262,87.82366
1263,85.65555
1264,87.05993
1265,91.33569
1266,88.04561
1267,87.6014
1268,92.67222
1269,90.45178
1270,84.98379
1271,87.98951
1272,87.22956
1273,85.40919
1274,87.676155
1275,88.52394
1276,88.42267
1277,88.992165
1278,92.22297
1279,90.620445
1280,88.32157
1281,88.17995
1282,87.4474
1283,84.80823
1284,94.47766
1285,83.38924
1286,89.645134
1287,88.8476
1288,86.66724
1289,87.084526
1290,89.22454
1291,87.03569
1292,87.14005
1293,92.76763
1294,88.54214
1295,90.09344
1296,84.301834
1297,84.504135
1298,89.91452
1299,88.494354
1300,86.38144
1301,92.55337
1302,84.448326
1303,86.791466
1304,86.96734
1305,91.18938
1306,93.22547
1307,89.341934
1308,87.52331
1309,88.73375
1310,83.59408
1311,94.7444
1312,90.84246
1313,88.15882
1314,88.06791
1315,90.112946
1316,88.466515
1317,86.73541
1318,89.59021
1319,87.05993
1320,86.8841
1321,82.01367
1322,88.18698
1323,85.46885
1324,87.11735
1325,87.88287
1326,85.3604
1327,90.83128
1328,88.28216
1329,86.07228
1330,91.959785
1331,90.947815
1332,88.54946
1333,87.05993
1334,88.088234
1335,90.232346
1336,88.38831
1337,85.387054
1338,94.70838
1339,84.03879
1340,86.088585
1341,87.80062
1342,87.453354
1343,85.79721
1344,90.09943
1345,86.584145
1346,88.468864
1347,89.73787
1348,86.66724
1349,84.731186
1350,89.83025
1351,89.65802
1352,88.47781
1353,85.73123
1354,87.370735
1355,92.15841
1356,91.950386
1357,92.33266
1358,85.173935
1359,84.8906
1360,87.920044
1361,90.44448
1362,88.67162
1363,89.93685
1364,89.56046
1365,88.86222
1366,86.644775
1367,88.25569
1368,88.62336
1369,89.03693
1370,81.34456
1371,86.31095
1372,86.962456
1373,89.29654
1374,86.258
1375,86.92048
1376,89.365814
1377,91.49144
1378,86.98801
1379,87.47471
1380,82.88883
1381,86.899506
1382,89.95345
1383,90.954506
1384,90.91956
1385,87.98641
1386,84.82067
1387,88.24459
1388,89.93814
1389,86.667885
1390,87.19592
1391,90.76635
1392,89.754425
1393,86.87503
1394,83.070564
1395,83.98696
1396,90.21234
1397,84.36518
1398,88.51253
1399,88.12037
1400,90.844284
1401,88.946106
1402,87.05993
1403,83.660774
1404,89.17648
1405,88.6378
1406,90.02493
1407,87.7421
1408,83.7017
1409,83.7677
1410,87.3252
1411,88.50763
1412,86.66724
1413,88.4477
1414,92.89854
1415,85.26652
1416,85.559364
1417,92.25626
1418,89.5845
1419,89.684135
1420,89.3885
1421,93.03698
1422,91.572525
1423,92.21914
1424,89.01759
1425,85.852005
1426,88.78225
1427,86.76035
1428,83.750824
1429,88.92736
1430,88.370865
1431,88.70519
1432,87.37199
1433,91.640755
1434,83.754875
1435,90.04402
1436,87.53627
1437,90.09999
1438,87.84922
1439,88.50923
1440,86.96493
1441,86.52549
1442,87.70148
1443,93.57348
1444,86.54933
1445,84.42251
1446,91.264206
1447,88.43558
1448,86.13209
1449,89.86682
1450,88.67148
1451,87.03572
1452,92.32077
1453,89.200615
1454,84.58021
1455,88.053635
1456,87.971504
1457,88.04016
1458,89.00529
1459,86.18346
1460,87.30047
1461,87.082214
1462,88.80091
1463,88.18241
1464,86.07228
1465,91.01035
1466,90.285515
1467,90.088684
1468,92.85341
1469,89.674644
1470,83.623
1471,87.56964
1472,88.90578
1473,87.89388
1474,89.44817
1475,88.91795
1476,79.51649
1477,85.680435
1478,88.66023
1479,88.87839
1480,84.27208
1481,87.57771
1482,90.62506
1483,84.95627
1484,87.85073
1485,84.15499
1486,90.6728
1487,84.043465
1488,89.98487
1489,89.48235
1490,91.43622
1491,93.88814
1492,92.91851
1493,87.25804
1494,86.291115
1495,86.6208
1496,80.22883
1497,87.311485
1498,86.962456
1499,88.24203
1500,87.86734
1501,87.389984
1502,91.28719
1503,89.801186
1504,94.0405
1505,89.46043
1506,85.37853
1507,91.53633
1508,86.83172
1509,90.3805
1510,86.94838
1511,86.809685
1512,86.3982
1513,86.66328
1514,88.010605
1515,90.41407
1516,85.97143
1517,87.05993
1518,89.87933
1519,83.081894
1520,81.74005
1521,88.70997
1522,85.0522
1523,87.00954
1524,86.90978
1525,85.58679
1526,87.06113
1527,89.39953
1528,87.78393
1529,88.00413
1530,90.68682
1531,86.405
1532,85.4797
1533,85.1525
1534,85.28988
1535,86.47169
1536,88.54363
1537,86.06408
1538,90.312355
1539,87.05993
1540,89.81966
1541,88.75076
1542,90.67814
1543,87.769615
1544,89.20724
1545,87.23635
1546,90.600815
1547,84.76351
1548,89.320244
1549,86.678925
1550,87.14005
1551,84.29828
1552,91.043594
1553,90.72298
1554,83.406876
1555,86.92584
1556,87.05993
1557,86.129135
1558,90.65277
1559,82.534195
1560,86.766815
1561,86.14961
1562,86.796455
1563,90.82625
1564,93.055756
1565,92.827736
1566,85.58398
1567,83.660774
1568,90.35932
1569,85.45516
1570,87.6962
1571,89.90984
1572,92.40498
1573,89.47362
1574,93.64106
1575,90.41462
1576,95.85754
1577,86.17561
1578,80.39752
1579,92.44267
1580,88.25569
1581,92.23527
1582,91.51143
1583,84.01396
1584,88.217224
1585,90.45395
1586,87.14005
1587,85.111435
1588,90.57219
1589,90.3531
1590,88.56196
1591,88.25223
1592,89.39595
1593,88.196785
1594,90.38389
1595,88.03384
1596,89.65396
1597,86.30445
1598,90.682816
1599,89.39398
1600,90.120605
1601,92.374374
1602,88.833374
1603,87.86055
1604,87.98939
1605,85.69032
1606,89.351204
1607,89.10218
1608,91.762
1609,85.387054
1610,84.09683
1611,87.05993
1612,92.06337
1613,84.3769
1614,92.64492
1615,91.295906
1616,91.93277
1617,89.85879
1618,87.05993
1619,86.15755
1620,90.21375
1621,86.70121
1622,86.47169
1623,86.56581
1624,88.5889
1625,95.599724
1626,92.07017
1627,92.01842
1628,91.86717
1629,84.76351
1630,90.711845
1631,88.089806
1632,88.91443
1633,90.07966
1634,89.666695
1635,89.77593
1636,85.41
1637,88.100464
1638,89.3735
1639,93.94117
1640,85.559364
1641,85.96305
1642,89.66396
1643,90.13657
1644,87.23173
1645,86.00041
1646,89.57381
1647,88.581665
1648,85.33647
1649,90.32555
1650,86.2797
1651,92.85043
1652,86.88542
1653,88.47006
1654,85.559364
1655,89.13715
1656,84.893364
1657,87.84858
1658,87.93494
1659,87.777016
1660,89.92034
1661,89.97724
1662,85.461876
1663,85.3944
1664,86.45699
1665,94.8119
1666,81.64117
1667,89.03198
1668,91.11192
1669,92.55367
1670,87.64942
1671,85.37219
1672,85.6992
1673,82.724075
1674,86.01733
1675,86.5829
1676,87.97886
1677,81.71163
1678,94.20755
1679,87.31004
1680,88.053635
1681,86.61676
1682,86.47752
1683,85.93627
1684,89.468605
1685,84.133156
1686,87.25492
1687,87.809944
1688,90.78371
1689,88.86964
1690,91.684044
1691,88.288506
1692,89.29317
1693,91.70428
1694,88.76553
1695,86.2449
1696,88.499405
1697,92.05475
1698,92.97555
1699,90.703224
1700,87.11735
1701,82.6144
1702,84.72382
1703,86.61862
1704,90.98036
1705,86.48872
1706,87.650604
1707,84.91888
1708,86.04806
1709,79.179146
1710,86.37937
1711,86.156654
1712,89.30119
1713,86.70325
1714,86.50748
1715,87.10813
1716,88.73484
1717,91.351746
1718,86.68331
1719,86.15858
1720,90.26077
1721,89.35105
1722,89.415565
1723,82.54023
1724,88.09074
1725,84.331856
1726,89.1725
1727,86.613686
1728,89.860275
1729,86.41192
1730,87.309746
1731,91.03311
1732,85.42182
1733,88.10052
1734,85.185936
1735,83.69609
1736,89.92169
1737,89.96383
1738,85.114174
1739,88.260895
1740,92.76064
1741,91.584305
1742,86.816055
1743,86.850365
1744,87.866005
1745,85.09463
1746,86.579865
1747,84.31883
1748,88.42493
1749,91.13983
1750,82.70005
1751,88.12827
1752,90.20555
1753,90.01625
1754,86.27664
1755,83.600075
1756,88.788574
1757,86.06893
1758,84.78264
1759,88.11024
1760,83.70766
1761,91.75762
1762,86.61082
1763,87.967606
1764,88.84123
1765,87.31468
1766,95.06283
1767,90.00327
1768,88.03928
1769,90.77892
1770,87.09014
1771,92.06175
1772,85.951805
1773,84.84067
1774,87.4987
1775,90.25637
1776,86.66724
1777,88.29533
1778,84.226204
1779,87.345985
1780,87.41387
1781,87.68309
1782,88.45255
1783,89.84822
1784,88.33406
1785,91.112595
1786,90.16511
1787,87.147285
1788,84.82705
1789,89.82667
1790,88.88121
1791,88.41127
1792,89.08399
1793,93.45785
1794,87.46175
1795,89.105484
1796,92.08983
1797,82.92989
1798,87.899315
1799,89.01374
1800,84.940125
1801,93.321205
1802,88.01897
1803,85.81779
1804,88.14736
1805,83.13915
1806,86.2402
1807,87.21716
1808,88.21095
1809,90.7912
1810,85.559364
1811,89.76901
1812,86.56253
1813,85.875725
1814,82.01195
1815,89.05143
1816,84.90084
1817,84.423965
1818,88.15262
1819,86.68621
1820,86.032135
1821,78.68295
1822,87.14394
1823,91.606606
1824,83.786316
1825,83.195435
1826,92.86904
1827,94.76285
1828,91.20696
1829,84.92778
1830,87.211914
1831,86.803535
1832,90.12912
1833,88.92573
1834,89.589935
1835,85.852005
1836,90.65248
1837,89.9465
1838,88.53601
1839,88.932076
1840,86.47169
1841,83.140884
1842,84.11369
1843,87.07289
1844,86.01228
1845,89.405716
1846,84.08324
1847,88.302284
1848,83.9677
1849,88.22337
1850,87.76632
1851,89.96458
1852,94.0875
1853,86.65162
1854,86.21111
1855,87.11042
1856,86.60739
1857,91.506905
1858,83.15931
1859,84.93288
1860,93.88019
1861,87.9528
1862,92.60846
1863,80.66713
1864,88.86017
1865,88.57677
1866,90.86637
1867,88.94973
1868,91.57963
1869,87.05993
1870,85.57916
1871,87.452034
1872,85.44949
1873,91.19124
1874,89.08096
1875,90.44441
1876,87.76814
1877,88.42197
1878,91.83955
1879,87.2917
1880,92.000114
1881,86.7859
1882,79.45778
1883,91.68059
1884,91.25277
1885,91.79824
1886,84.87964
1887,87.07964
1888,87.156364
1889,88.25183
1890,89.02752
1891,92.61023
1892,89.89081
1893,87.27179
1894,87.827354
1895,85.48303
1896,89.0483
1897,91.61894
1898,91.78487
1899,89.979
1900,94.0036
1901,89.65244
1902,86.360695
1903,89.38997
1904,87.33175
1905,89.771835
1906,84.47087
1907,89.78336
1908,88.26836
1909,86.70121
1910,93.412155
1911,83.47287
1912,91.385735
1913,87.26313
1914,88.571785
1915,89.18905
1916,84.0584
1917,91.618866
1918,87.11065
1919,88.544876
1920,86.47169
1921,91.32762
1922,84.92341
1923,87.31473
1924,82.82694
1925,87.90511
1926,92.77446
1927,82.46268
1928,87.31343
1929,85.731544
1930,88.73608
1931,87.14005
1932,87.94187
1933,82.418365
1934,87.05993
1935,87.2075
1936,89.33931
1937,84.26019
1938,86.401794
1939,89.86736
1940,86.509796
1941,87.39302
1942,84.52845
1943,90.660934
1944,87.7421
1945,89.3317
1946,90.488106
1947,87.4474
1948,87.83072
1949,91.70247
1950,87.86977
1951,87.482086
1952,88.699875
1953,90.734436
1954,88.46712
1955,89.89952
1956,90.04816
1957,86.96493
1958,90.37408
1959,91.66034
1960,85.670746
1961,91.016464
1962,89.865685
1963,90.100494
1964,85.13639
1965,92.89201
1966,88.1195
1967,88.93218
1968,88.43746
1969,82.24632
1970,87.901726
1971,86.07135
1972,80.00266
1973,85.61041
1974,87.082214
1975,87.05515
1976,85.2837
1977,89.78247
1978,92.0374
1979,88.205124
1980,88.786804
1981,89.48136
1982,86.0142
1983,86.91127
1984,91.351166
1985,85.491974
1986,90.16223
1987,89.26975
1988,83.584564
1989,86.69464
1990,82.006226
1991,87.33175
1992,89.86284
1993,92.665565
1994,86.92077
1995,93.46733
1996,89.495255
1997,88.22484
1998,90.63563
1999,89.79574
2000,87.05993
2001,87.598526
2002,81.04712
2003,91.45676
2004,84.59945
2005,87.92272
2006,87.962494
2007,85.875725
2008,88.74194
2009,85.32224
2010,90.90649
2011,91.15769
2012,90.304245
2013,90.76994
2014,89.931984
2015,82.44962
2016,92.028015
2017,87.389984
2018,88.79746
2019,86.66724
2020,88.32799
2021,98.62683
2022,88.28325
2023,90.142654
2024,83.6745
2025,87.31473
2026,86.47169
2027,86.68621
2028,87.96066
2029,91.21717
2030,92.58295
2031,88.82973
2032,86.64795
2033,90.14779
2034,89.68617
2035,89.343254
2036,88.290985
2037,87.107056
2038,90.71851
2039,84.05006
2040,84.20819
2041,90.002594
2042,92.1855
2043,87.777596
2044,87.05993
2045,88.81711
2046,83.22077
2047,89.95627
2048,83.070564
2049,86.742134
2050,92.77509
2051,88.50337
2052,88.804184
2053,92.75161
2054,85.941696
2055,86.86071
2056,84.89813
2057,87.05993
2058,87.40738
2059,84.59053
2060,90.34395
2061,90.770134
2062,86.351906
2063,86.255905
2064,91.49202
2065,92.777725
2066,91.696754
2067,92.357765
2068,91.57418
2069,85.52987
2070,93.52818
2071,87.05993
2072,86.645676
2073,84.522896
2074,88.39699
2075,92.25732
2076,87.49367
2077,83.545845
2078,88.818436
2079,86.61341
2080,90.05772
2081,88.47167
2082,93.292274
2083,88.59288
2084,86.81255
2085,87.65634
2086,86.17584
2087,88.48633
2088,86.93919
2089,91.37511
2090,87.113464
2091,91.02738
2092,89.71868
2093,92.11516
2094,89.37305
2095,87.58228
2096,89.33422
2097,88.57319
2098,88.2504
2099,92.20081
2100,83.41303
2101,87.75416
2102,86.24066
2103,89.19758
2104,89.62926
2105,89.90206
2106,81.54604
2107,82.81698
2108,88.5885
2109,90.84321
2110,88.3107
2111,85.76576
2112,89.861244
2113,94.42667
2114,84.98193
2115,82.204926
2116,87.95318
2117,83.72453
2118,95.012314
2119,83.71745
2120,95.844315
2121,84.35099
2122,92.721306
2123,89.0129
2124,87.25804
2125,83.57556
2126,86.22341
2127,88.153015
2128,86.78461
2129,85.96461
2130,84.98735
2131,84.98379
2132,89.80495
2133,90.89613
2134,83.920105
2135,87.2917
2136,87.08958
2137,86.66724
2138,90.96342
2139,89.67252
2140,91.79575
2141,81.59444
2142,89.589676
2143,91.68995
2144,87.05993
2145,89.761314
2146,85.041885
2147,86.50748
2148,89.38601
2149,86.13209
2150,88.82933
2151,94.682785
2152,87.453354
2153,86.70061
2154,87.99958
2155,85.565155
2156,87.932365
2157,87.37799
2158,91.58536
2159,88.50923
2160,88.191444
2161,88.130775
2162,86.645676
2163,86.66389
2164,88.50923
2165,81.47129
2166,87.91108
2167,91.8023
2168,85.852005
2169,87.25016
2170,94.194305
2171,92.227394
2172,82.91281
2173,90.01315
2174,88.15742
2175,87.901726
2176,86.55259
2177,81.49146
2178,89.376175
2179,86.01673
2180,89.40052
2181,91.07617
2182,85.88087
2183,88.5003
2184,84.143005
2185,94.16269
2186,86.0374
2187,91.29056
2188,90.08282
2189,80.41989
2190,87.14005
2191,87.63461
2192,86.156654
2193,84.02092
2194,86.99798
2195,81.329575
2196,87.719955
2197,88.17113
2198,86.26288
2199,87.28596
2200,93.21617
2201,92.66189
2202,89.91539
2203,94.400894
2204,88.00039
2205,87.857056
2206,85.210556
2207,87.24199
2208,90.66576
2209,83.96307
2210,89.972435
2211,86.14202
2212,88.31502
2213,85.3868
2214,88.96304
2215,88.92136
2216,88.12396
2217,90.25769
2218,87.05993
2219,82.71994
2220,87.74161
2221,87.38417
2222,89.0753
2223,91.82371
2224,88.29471
2225,89.91745
2226,85.236855
2227,90.79956
2228,86.5431
2229,83.79061
2230,86.600136
2231,88.16013
2232,85.37219
2233,88.503006
2234,89.281715
2235,87.89234
2236,87.16373
2237,89.21074
2238,89.641464
2239,85.852005
2240,88.53958
2241,89.894005
2242,89.37305
2243,89.439545
2244,84.97844
2245,86.36464
2246,87.05993
2247,82.73288
2248,85.852005
2249,87.693855
2250,84.879105
2251,89.14526
2252,90.60501
2253,85.26595
2254,87.98869
2255,83.57879
2256,84.40118
2257,85.76548
2258,87.752495
2259,89.61413
2260,86.34131
2261,87.05993
2262,93.76473
2263,84.059395
2264,89.53678
2265,86.04135
2266,87.04567
2267,91.75652
2268,89.57314
2269,88.50099
2270,90.926834
2271,85.341064
2272,88.83981
2273,82.01417
2274,83.78105
2275,91.11611
2276,89.457146
2277,89.69291
2278,92.3445
2279,88.004036
2280,86.904106
2281,85.57185
2282,91.97595
2283,92.59907
2284,91.63149
2285,87.85117
2286,82.26517
2287,92.96653
2288,88.05435
2289,85.559364
2290,83.333176
2291,88.99113
2292,83.918274
2293,88.759796
2294,88.97392
2295,91.91735
2296,87.97627
2297,92.359344
2298,85.559364
2299,90.78181
2300,87.01328
2301,86.96598
2302,91.73177
2303,87.93701
2304,87.12294
2305,90.48535
2306,88.77227
2307,83.07142
2308,87.51394
2309,86.774216
2310,87.93843
2311,86.33668
2312,88.84216
2313,87.93765
2314,85.403755
2315,87.13895
2316,92.70663
2317,85.525696
2318,91.690865
2319,89.3441
2320,91.66651
2321,88.52779
2322,86.47169
2323,91.40484
2324,90.440445
2325,90.63588
2326,86.60371
2327,85.13628
2328,86.07228
2329,89.72537
2330,84.39549
2331,88.65606
2332,82.48529
2333,87.31127
2334,87.39539
2335,89.593956
2336,88.494576
2337,87.5857
2338,83.90933
2339,85.9312
2340,89.69388
2341,84.76351
2342,89.67052
2343,87.10753
2344,89.8078
2345,88.631256
2346,91.93654
2347,84.9105
2348,85.50417
2349,93.4318
2350,84.8639
2351,88.51253
2352,85.639656
2353,90.68202
2354,87.35471
2355,89.18388
2356,86.29895
2357,87.660675
2358,83.28664
2359,90.092766
2360,83.365364
2361,94.48896
2362,85.572044
2363,90.10493
2364,87.50239
2365,88.28707
2366,90.53602
2367,84.801445
2368,88.82079
2369,89.556465
2370,87.92338
2371,92.48633
2372,88.0139
2373,84.3125
2374,91.33035
2375,86.78499
2376,89.42853
2377,83.415245
2378,90.52412
2379,82.42664
2380,85.50071
2381,88.619095
2382,91.53516
2383,85.75517
2384,86.50279
2385,93.806366
2386,86.074104
2387,87.25804
2388,91.606094
2389,85.44771
2390,83.993385
2391,87.58228
2392,87.1856
2393,85.962875
2394,85.362976
2395,88.763336
2396,92.3954
2397,87.81774
2398,86.22102
2399,87.05993
2400,85.5966
2401,87.66558
2402,89.634445
2403,89.48064
2404,87.55789
2405,87.90987
2406,87.594734
2407,90.091774
2408,86.22612
2409,86.53168
2410,93.9214
2411,85.852005
2412,87.05993
2413,85.559364
2414,83.31294
2415,90.719826
2416,88.60187
2417,88.611946
2418,89.07079
2419,87.18014
2420,87.13895
2421,90.02763
2422,88.26069
2423,86.22361
2424,91.58707
2425,87.948006
2426,87.10924
2427,87.87286
2428,90.65213
2429,91.832085
2430,87.57557
2431,85.97143
2432,89.17627
2433,92.367905
2434,88.865776
2435,87.711555
2436,88.23709
2437,89.24247
2438,88.27508
2439,89.6002
2440,88.97086
2441,93.317215
2442,85.41381
2443,87.011444
2444,90.1765
2445,87.90182
2446,92.27543
2447,90.285515
2448,84.16931
2449,84.7036
2450,87.05993
2451,88.017624
2452,91.04929
2453,90.65381
2454,89.9894
2455,87.47619
2456,85.68829
2457,87.528755
2458,89.21815
2459,83.96678
2460,90.863945
2461,91.210396
2462,83.98059
2463,89.59942
2464,79.949554
2465,88.18697
2466,86.98311
2467,87.3252
2468,85.97143
2469,92.070206
2470,95.91584
2471,86.64422
2472,91.245155
2473,78.62088
2474,86.156654
2475,89.00909
2476,87.9124
2477,90.21883
2478,87.8037
2479,89.29165
2480,89.56782
2481,85.16174
2482,87.4673
2483,90.844376
2484,89.56507
2485,86.66724
2486,89.69756
2487,85.81355
2488,85.19638
2489,91.03452
2490,85.87666
2491,90.02026
2492,88.57173
2493,89.05192
2494,88.159805
2495,81.82168
2496,90.8596
2497,83.4705
2498,90.66704
2499,86.07228
2500,87.376335
2501,85.72142
2502,84.5105
2503,91.174034
2504,88.50923
2505,87.92331
2506,92.104485
2507,83.86891
2508,85.32689
2509,85.79326
2510,85.329124
2511,90.08642
2512,87.13671
2513,84.81756
2514,85.951256
2515,90.44786
2516,86.66724
2517,89.7969
2518,85.37378
2519,90.94565
2520,83.183014
2521,87.71196
2522,82.00433
2523,89.618225
2524,88.55054
2525,86.47169
2526,84.18075
2527,82.76757
2528,85.387054
2529,88.76059
2530,85.76548
2531,89.02305
2532,85.66091
2533,84.53632
2534,85.534294
2535,91.9131
2536,86.47373
2537,92.95941
2538,86.101
2539,86.23026
2540,86.15374
2541,89.72223
2542,85.71618
2543,84.45263
2544,88.15489
2545,87.11771
2546,86.14351
2547,87.33175
2548,86.088585
2549,85.28243
2550,89.70015
2551,89.3328
2552,92.59459
2553,87.05993
2554,84.87514
2555,84.65137
2556,90.5787
2557,90.71784
2558,83.31242
2559,92.14657
2560,88.737206
2561,90.892296
2562,84.76351
2563,88.12924
2564,87.11025
2565,92.3643
2566,86.39751
2567,88.0258
2568,89.67328
2569,88.032326
2570,88.713776
2571,83.99356
2572,87.59259
2573,90.819786
2574,84.4681
2575,85.14558
2576,91.47836
2577,98.27137
2578,89.8631
2579,89.12384
2580,85.25138
2581,86.912704
2582,92.05488
2583,89.18522
2584,88.22031
2585,92.844666
2586,94.11087
2587,90.80021
2588,89.41315
2589,89.32161
2590,87.05993
2591,90.38523
2592,89.73795
2593,86.9813
2594,87.81895
2595,89.49548
2596,90.9651
2597,87.05993
2598,89.96424
2599,91.914116
2600,89.55706
2601,93.24326
2602,86.83172
2603,86.29128
2604,87.95587
2605,90.73103
2606,89.87627
2607,87.38417
2608,84.94814
2609,89.83719
2610,87.16243
2611,88.50923
2612,89.04491
2613,93.022156
2614,92.52466
2615,92.10372
2616,87.2075
2617,87.95885
2618,84.69543
2619,87.99379
2620,84.44732
2621,84.879105
2622,88.27799
2623,88.68895
2624,89.77377
2625,89.89257
2626,84.76351
2627,85.37363
2628,86.32518
2629,88.41288
2630,85.18796
2631,87.66609
2632,86.505135
2633,85.76742
2634,89.72877
2635,86.07228
2636,84.2782
2637,87.25804
2638,83.45566
2639,86.996895
2640,89.987785
2641,90.25447
2642,80.41738
2643,87.07018
2644,83.10956
2645,86.500374
2646,87.54633
2647,89.77769
2648,95.40686
2649,88.983925
2650,84.30681
2651,85.54485
2652,89.35219
2653,87.92144
2654,88.80411
2655,85.25247
2656,87.96066
2657,88.403755
2658,86.87012
2659,89.194305
2660,88.70201
2661,89.10958
2662,89.94027
2663,87.558556
2664,87.934044
2665,88.58235
2666,85.13659
2667,91.0545
2668,86.416
2669,85.41823
2670,94.252396
2671,90.944916
2672,87.188286
2673,84.752365
2674,87.667274
2675,84.84994
2676,87.985245
2677,88.52779
2678,83.40112
2679,82.58633
2680,83.846825
2681,88.079575
2682,87.07888
2683,85.04188
2684,84.9586
2685,85.95938
2686,85.875725
2687,84.812035
2688,87.05993
2689,85.22579
2690,84.67451
2691,86.27664
2692,88.161255
2693,89.152695
2694,89.97105
2695,87.50175
2696,82.612465
2697,92.800934
2698,86.9228
2699,91.948906
2700,87.05993
2701,83.70695
2702,87.6479
2703,84.68788
2704,88.448875
2705,84.09878
2706,89.53697
2707,88.50923
2708,88.83012
2709,85.710365
2710,86.36235
2711,87.951004
2712,87.61834
2713,87.082214
2714,87.381035
2715,91.377785
2716,87.92472
2717,93.80344
2718,87.400986
2719,92.33336
2720,90.85458
2721,87.53728
2722,87.014595
2723,89.683525
2724,87.14005
2725,87.57022
2726,85.559364
2727,87.89717
2728,92.993904
2729,90.00031
2730,87.05993
2731,86.579865
2732,88.39332
2733,90.34441
2734,90.15373
2735,89.34006
2736,84.708824
2737,87.05993
2738,91.16099
2739,81.52813
2740,85.559364
2741,89.91546
2742,92.060844
2743,88.2504
2744,87.751366
2745,90.7676
2746,90.456276
2747,90.003426
2748,88.77035
2749,89.638275
2750,89.12676
2751,89.80346
2752,86.15945
2753,87.145966
2754,87.07289
2755,87.97366
2756,89.67969
2757,88.47371
2758,84.571205
2759,87.05993
2760,85.93314
2761,91.24725
2762,87.559235
2763,93.700806
2764,85.41089
2765,88.72848
2766,86.21915
2767,86.89387
2768,91.50933
2769,87.22796
2770,88.615395
2771,84.08865
2772,87.349236
2773,85.415985
2774,84.74833
2775,88.69405
2776,84.03879
2777,86.01673
2778,88.208435
2779,85.852005
2780,89.406265
2781,86.47169
2782,84.03255
2783,82.91714
2784,86.09276
2785,88.1411
2786,86.87684
2787,88.363686
2788,91.315834
2789,88.83502
2790,90.22892
2791,85.98289
2792,87.64611
2793,88.93749
2794,85.16531
2795,82.69964
2796,90.18965
2797,83.19981
2798,82.91516
2799,88.2504
2800,89.33467
2801,84.76351
2802,87.15228
2803,88.205124
2804,86.66724
2805,92.08505
2806,84.06546
2807,90.32802
2808,89.889114
2809,88.35596
2810,92.16279
2811,84.82072
2812,89.73787
2813,86.91283
2814,89.32807
2815,87.90151
2816,85.61895
2817,91.43645
2818,84.893364
2819,83.61812
2820,88.99661
2821,85.64264
2822,93.121155
2823,85.74301
2824,87.79025
2825,88.441376
2826,86.66724
2827,92.47312
2828,87.05993
2829,87.305
2830,87.82447
2831,87.119095
2832,89.58107
2833,88.25569
2834,85.27417
2835,85.215004
2836,91.45947
2837,89.66948
2838,84.68879
2839,88.340996
2840,85.821976
2841,87.53669
2842,89.75596
2843,89.270805
2844,92.04358
2845,94.08181
2846,88.10342
2847,84.38589
2848,86.28283
2849,86.885185
2850,89.37451
2851,86.28062
2852,88.20829
2853,90.254845
2854,88.86042
2855,92.40071
2856,85.38271
2857,83.27767
2858,87.25804
2859,84.10403
2860,86.80742
2861,87.896454
2862,84.70587
2863,88.06192
2864,90.95843
2865,85.941696
2866,88.83223
2867,88.51253
2868,89.1622
2869,82.27978
2870,84.39667
2871,90.239
2872,86.70061
2873,90.48655
2874,87.05993
2875,84.63114
2876,85.559364
2877,87.389984
2878,88.50923
2879,86.7221
2880,85.28824
2881,87.13284
2882,85.712555
2883,85.852005
2884,89.95546
2885,87.94908
2886,86.9399
2887,89.934296
2888,91.29951
2889,90.86598
2890,84.11452
2891,87.5252
2892,87.46175
2893,85.812775
2894,87.46175
2895,86.6208
2896,83.6949
2897,83.96923
2898,91.73542
2899,90.952866
2900,86.51472
2901,88.34932
2902,86.350174
2903,86.142235
2904,84.81914
2905,88.49642
2906,87.967026
2907,86.60399
2908,88.66982
2909,88.623085
2910,88.09366
2911,86.51038
2912,88.44704
2913,91.363464
2914,83.85558
2915,87.44486
2916,85.69652
2917,89.21704
2918,88.35072
2919,86.6208
2920,87.79794
2921,87.8884
2922,87.7283
2923,87.46175
2924,94.10282
2925,87.70772
2926,86.885185
2927,84.8471
2928,86.52004
2929,91.318184
2930,83.59687
2931,86.6208
2932,87.08891
2933,88.628815
2934,84.71014
2935,86.088585
2936,87.49367
2937,92.51911
2938,88.55312
2939,89.76602
2940,91.53004
2941,82.26552
2942,87.76788
2943,89.0711
2944,86.07107
2945,88.77078
2946,88.89151
2947,87.05993
2948,88.667046
2949,82.86843
2950,92.42847
2951,87.31473
2952,92.17931
2953,84.97748
2954,87.77346
2955,87.05993
2956,87.36885
2957,85.62683
2958,88.77948
2959,85.43908
2960,88.297714
2961,90.67199
2962,92.77371
2963,90.00955
2964,85.384346
2965,89.20805
2966,86.50279
2967,89.03645
2968,90.985405
2969,87.8477
2970,89.11475
2971,87.13344
2972,85.559364
2973,89.50465
2974,89.23104
2975,85.74652
2976,91.15113
2977,88.4751
2978,90.48974
2979,89.49166
2980,85.97143
2981,88.82577
2982,87.2917
2983,94.57789
2984,86.50279
2985,86.28475
2986,88.79505
2987,92.69907
2988,90.22217
2989,89.52045
2990,85.05246
2991,84.76351
2992,90.07911
2993,86.97316
2994,88.335335
2995,87.482445
2996,85.35191
2997,87.5345
2998,85.45406
2999,82.9572
3000,86.052246
3001,87.13233
3002,87.43088
3003,88.76223
3004,90.016
3005,85.559364
3006,86.156654
3007,84.25819
3008,80.39752
3009,83.09677
3010,87.25804
3011,91.48047
3012,87.05993
3013,91.28484
3014,93.59185
3015,90.58467
3016,88.7708
3017,85.661
3018,85.300735
3019,88.871155
3020,88.983925
3021,89.318146
3022,89.1587
3023,89.273346
3024,88.72513
3025,92.02028
3026,87.16941
3027,89.62994
3028,86.82953
3029,84.46519
3030,90.46153
3031,80.359406
3032,87.2973
3033,88.6652
3034,84.74359
3035,86.94838
3036,90.49752
3037,90.529396
3038,84.831345
3039,85.5636
3040,89.43977
3041,88.609184
3042,85.27335
3043,86.51371
3044,85.06371
3045,86.22361
3046,88.34066
3047,86.984085
3048,84.11205
3049,88.17321
3050,87.695656
3051,84.2782
3052,87.869736
3053,86.40989
3054,89.97129
3055,87.827354
3056,87.63052
3057,89.821884
3058,86.85005
3059,80.320526
3060,85.33879
3061,92.129135
3062,90.7473
3063,86.6208
3064,85.559364
3065,82.87614
3066,89.810974
3067,85.519615
3068,88.71682
3069,89.92556
3070,91.03011
3071,87.1731
3072,85.32224
3073,85.852005
3074,80.5415
3075,87.7421
3076,85.875725
3077,87.46697
3078,91.059685
3079,87.7016
3080,87.863655
3081,81.59831
3082,84.68703
3083,89.28505
3084,92.30931
3085,90.73462
3086,87.17605
3087,87.46175
3088,88.395134
3089,89.94877
3090,89.59077
3091,83.13673
3092,85.96761
3093,87.67311
3094,87.57243
3095,85.31714
3096,89.324104
3097,92.52697
3098,90.27818
3099,85.35353
3100,85.559364
3101,83.92217
3102,87.29639
3103,90.01638
3104,87.76302
3105,83.750824
3106,88.05423
3107,89.63187
3108,93.75398
3109,85.875725
3110,85.49158
3111,87.479774
3112,82.32358
3113,88.41818
3114,89.49104
3115,82.33551
3116,85.832436
3117,91.85354
3118,88.19351
3119,87.2075
3120,81.52813
3121,82.43958
3122,91.2283
3123,84.40664
3124,91.075195
3125,89.829025
3126,85.42182
3127,82.72944
3128,91.7017
3129,86.70061
3130,86.876
3131,88.89794
3132,86.68621
3133,90.65358
3134,88.98562
3135,91.48903
3136,86.66724
3137,86.66724
3138,90.392235
3139,88.05589
3140,89.88612
3141,88.79781
3142,82.48902
3143,90.623024
3144,88.77969
3145,87.90541
3146,85.97143
3147,85.42035
3148,88.25569
3149,90.36835
3150,85.91978
3151,90.51176
3152,86.38971
3153,90.03076
3154,88.68756
3155,87.05658
3156,86.156654
3157,82.90544
3158,88.15839
3159,90.069496
3160,86.60401
3161,89.73414
3162,85.10529
3163,90.010376
3164,91.346214
3165,84.471535
3166,87.83683
3167,93.461395
3168,88.032326
3169,82.766975
3170,87.33175
3171,90.11303
3172,92.824974
3173,91.628815
3174,88.24789
3175,89.68804
3176,86.99869
3177,89.34079
3178,90.28548
3179,88.20912
3180,92.748566
3181,85.078224
3182,92.43982
3183,88.441376
3184,86.89263
3185,86.88686
3186,93.34607
3187,85.55368
3188,93.2586
3189,89.759445
3190,87.64368
3191,89.59812
3192,90.862434
3193,89.71373
3194,86.13209
3195,90.98112
3196,87.23
3197,91.97005
3198,89.884056
3199,93.32317
3200,88.028625
3201,84.16931
3202,84.94856
3203,89.900696
3204,87.55481
3205,88.61603
3206,87.05294
3207,88.45972
3208,85.14895
3209,85.10879
3210,90.01842
3211,90.112076
3212,87.33712
3213,85.98003
3214,88.19842
3215,88.552925
3216,90.15701
3217,85.786674
3218,85.893875
3219,87.85639
3220,90.25861
3221,89.878586
3222,90.61977
3223,90.79659
3224,92.5593
3225,92.75615
3226,89.84392
3227,88.85149
3228,89.591644
3229,92.49473
3230,88.03719
3231,83.20795
3232,88.3646
3233,93.55204
3234,87.4987
3235,86.11812
3236,82.87455
3237,85.7073
3238,90.607
3239,88.552704
3240,90.87879
3241,91.43192
3242,82.596054
3243,91.418884
3244,84.879105
3245,87.47363
3246,89.45128
3247,86.34709
3248,88.42602
3249,82.301
3250,90.611885
3251,86.32689
3252,87.340965
3253,89.886314
3254,91.85974
3255,85.53553
3256,88.991
3257,89.789764
3258,85.36702
3259,88.053635
3260,87.05993
3261,87.701706
3262,89.90526
3263,87.10753
3264,88.9026
3265,87.25804
3266,89.19122
3267,86.178444
3268,87.00954
3269,88.85824
3270,87.77398
3271,90.7966
3272,84.438034
3273,89.39397
3274,92.49824
3275,86.193054
3276,86.36002
3277,86.50279
3278,87.15542
3279,86.44982
3280,87.30047
3281,91.46498
3282,85.5935
3283,88.50923
3284,84.87964
3285,93.32962
3286,81.14147
3287,83.02303
3288,85.62908
3289,85.32224
3290,89.059296
3291,84.74359
3292,89.173004
3293,89.67396
3294,89.51511
3295,86.766815
3296,87.389984
3297,83.388115
3298,84.03201
3299,87.88504
3300,87.25804
3301,91.63799
3302,88.432076
3303,88.458435
3304,89.00814
3305,79.54488
3306,90.13335
3307,90.572296
3308,85.34904
3309,86.47169
3310,89.80082
3311,85.72149
3312,92.02713
3313,85.53739
3314,81.532936
3315,85.58062
3316,87.34553
3317,85.42182
3318,88.25171
3319,82.41723
3320,89.71275
3321,87.547966
3322,84.14466
3323,90.89751
3324,87.05658
3325,82.30509
3326,88.78055
3327,88.20484
3328,93.14292
3329,87.33758
3330,95.504135
3331,87.567955
3332,88.90973
3333,86.43002
3334,91.759834
3335,89.21515
3336,93.54054
3337,88.83478
3338,86.80129
3339,90.625565
3340,87.14005
3341,90.87011
3342,85.12826
3343,88.92684
3344,86.81487
3345,88.39416
3346,88.128746
3347,85.34245
3348,92.03384
3349,85.9635
3350,94.10661
3351,92.32495
3352,88.21774
3353,88.27666
3354,88.0959
3355,89.20665
3356,87.05993
3357,86.73072
3358,89.27333
3359,87.57916
3360,93.75936
3361,91.22193
3362,91.21656
3363,83.25195
3364,89.41325
3365,85.72142
3366,89.37501
3367,83.87667
3368,85.840385
3369,84.05084
3370,87.389984
3371,87.25804
3372,87.632416
3373,91.26138
3374,92.89947
3375,83.7868
3376,88.42307
3377,89.29469
3378,90.608665
3379,86.724655
3380,89.71777
3381,88.712135
3382,85.941696
3383,86.985504
3384,88.36141
3385,87.31473
3386,89.55857
3387,88.900185
3388,88.27942
3389,88.10535
3390,87.61769
3391,87.56733
3392,87.86055
3393,86.86077
3394,87.18256
3395,81.246124
3396,85.387054
3397,86.62981
3398,92.097435
3399,93.53056
3400,85.75067
3401,91.020744
3402,86.62182
3403,87.4218
3404,91.497086
3405,89.7233
3406,85.25138
3407,90.22731
3408,87.00643
3409,88.89797
3410,84.68822
3411,86.94166
3412,88.34803
3413,91.409225
3414,90.98743
3415,89.47439
3416,85.875725
3417,86.41977
3418,88.078354
3419,84.283936
3420,89.599396
3421,88.38151
3422,88.56062
3423,87.25804
3424,89.68785
3425,93.19427
3426,93.06437
3427,87.666885
3428,88.72594
3429,86.55324
3430,90.68059
3431,90.17111
3432,88.56294
3433,88.60867
3434,88.15319
3435,87.8997
3436,89.410545
3437,90.25063
3438,89.13152
3439,83.098015
3440,85.39579
3441,87.14005
3442,86.45002
3443,92.06468
3444,92.49231
3445,89.85082
3446,85.03238
3447,85.56454
3448,86.94169
3449,86.12671
3450,87.05993
3451,84.45837
3452,87.89993
3453,87.014595
3454,92.05051
3455,83.195435
3456,90.41085
3457,86.85388
3458,88.22881
3459,89.50353
3460,88.322914
3461,90.65948
3462,84.680565
3463,88.08445
3464,86.68621
3465,92.09878
3466,86.156654
3467,89.558975
3468,87.289
3469,86.59305
3470,86.47169
3471,91.15579
3472,84.30681
3473,86.83871
3474,87.404915
3475,90.289734
3476,87.3019
3477,86.50748
3478,89.07337
3479,89.059265
3480,86.66724
3481,91.49534
3482,90.83685
3483,84.98379
3484,83.395996
3485,84.92532
3486,86.67578
3487,85.941696
3488,90.7403
3489,87.38417
3490,87.26453
3491,89.022224
3492,86.61676
3493,95.67026
3494,87.75421
3495,82.028244
3496,89.76441
3497,91.353676
3498,90.35116
3499,86.61638
3500,82.93365
3501,86.39107
3502,85.818985
3503,91.518616
3504,92.840485
3505,90.99883
3506,90.63076
3507,86.66724
3508,90.81932
3509,87.05993
3510,88.8216
3511,90.035484
3512,87.2903
3513,85.55266
3514,88.77562
3515,82.60597
3516,83.9359
3517,85.16157
3518,87.92193
3519,87.05993
3520,86.7506
3521,91.14358
3522,84.30681
3523,86.86334
3524,89.39884
3525,87.05993
3526,87.96095
3527,83.02082
3528,87.544975
3529,86.81487
3530,87.43259
3531,85.559364
3532,82.91155
3533,86.44382
3534,89.03882
3535,87.62055
3536,92.96916
3537,88.93218
3538,88.56994
3539,90.713806
3540,86.89708
3541,90.16351
3542,86.13209
3543,85.51483
3544,86.54933
3545,86.64476
3546,86.54809
3547,88.83502
3548,85.964424
3549,88.13351
3550,88.50111
3551,84.158066
3552,85.00732
3553,86.92017
3554,87.070145
3555,86.62045
3556,87.81492
3557,88.771065
3558,86.50279
3559,86.03876
3560,89.590195
3561,88.35638
3562,87.25343
3563,92.346855
3564,88.19128
3565,87.739876
3566,88.36313
3567,89.04725
3568,90.62059
3569,90.748726
3570,89.33079
3571,87.75675
3572,88.4417
3573,89.61527
3574,85.97143
3575,85.787056
3576,84.8749
3577,86.8072
3578,88.2543
3579,82.31003
3580,86.15435
3581,87.449165
3582,82.33233
3583,81.70877
3584,88.45154
3585,88.26584
3586,87.5022
3587,85.209694
3588,87.8368
3589,88.39332
3590,91.60948
3591,88.11745
3592,86.27691
3593,87.38417
3594,90.122604
3595,84.16931
3596,85.49657
3597,82.024796
3598,86.2147
3599,86.2321
3600,87.68128
3601,82.58413
3602,87.54572
3603,91.5216
3604,87.25804
3605,87.38917
3606,91.386
3607,87.354256
3608,86.83923
3609,85.921745
3610,85.331505
3611,87.1744
3612,87.389984
3613,87.84059
3614,84.26257
3615,82.9794
3616,87.8706
3617,87.74069
3618,85.57233
3619,89.5771
3620,88.51151
3621,87.05993
3622,93.19004
3623,84.3945
3624,81.90409
3625,86.99798
3626,88.651436
3627,87.96742
3628,86.73072
3629,86.83172
3630,89.782845
3631,90.00223
3632,87.14005
3633,91.8561
3634,90.630486
3635,86.7425
3636,89.00295
3637,86.30061
3638,87.05993
3639,87.61019
3640,84.63374
3641,91.28855
3642,90.12657
3643,93.27094
3644,90.86288
3645,89.177795
3646,86.88722
3647,85.12147
3648,88.02418
3649,87.3887
3650,88.53132
3651,92.83417
3652,82.0452
3653,90.87242
3654,87.05993
3655,88.37597
3656,86.91321
3657,87.273125
3658,82.75347
3659,92.17864
3660,89.29585
3661,91.445724
3662,90.03582
3663,84.144775
3664,88.02436
3665,94.9597
3666,85.794716
3667,87.05993
3668,88.6662
3669,85.7065
3670,89.71656
3671,87.18892
3672,85.96316
3673,90.63806
3674,85.11952
3675,85.559364
3676,87.082214
3677,89.544395
3678,90.1452
3679,88.72112
3680,88.49483
3681,92.429054
3682,87.88107
3683,85.79098
3684,87.14005
3685,88.449905
3686,91.75639
3687,86.13289
3688,84.79671
3689,84.26257
3690,86.62103
3691,92.09604
3692,87.13899
3693,82.87997
3694,88.824425
3695,90.30827
3696,85.7927
3697,90.627625
3698,88.016495
3699,85.8588
3700,87.38059
3701,92.358
3702,89.65999
3703,86.62342
3704,87.980194
3705,88.06944
3706,90.23202
3707,90.28093
3708,85.15254
3709,86.408356
3710,84.88208
3711,79.466965
3712,83.52328
3713,93.29466
3714,88.79617
3715,87.082214
3716,89.24247
3717,90.57959
3718,86.85967
3719,90.684395
3720,84.5444
3721,87.33175
3722,87.21112
3723,91.39907
3724,91.76909
3725,91.84924
3726,87.88937
3727,91.37806
3728,90.01198
3729,88.46938
3730,87.30047
3731,89.50602
3732,84.59945
3733,87.404915
3734,87.11771
3735,86.24708
3736,90.501175
3737,89.78831
3738,83.953415
3739,91.34296
3740,85.34265
3741,88.49488
3742,85.9277
3743,87.92218
3744,90.20838
3745,92.50073
3746,89.69247
3747,77.26188
3748,85.578
3749,82.38596
3750,92.80091
3751,85.37219
3752,87.8361
3753,88.08877
3754,88.92169
3755,84.0208
3756,87.0167
3757,86.66724
3758,94.47066
3759,91.51806
3760,92.83238
3761,81.83228
3762,87.05993
3763,82.74086
3764,87.99379
3765,84.76351
3766,90.21769
3767,88.706
3768,88.93909
3769,82.758
3770,93.891594
3771,89.77838
3772,88.079575
3773,88.21523
3774,86.582085
3775,88.703384
3776,88.04891
3777,85.559364
3778,86.048546
3779,85.461876
3780,87.246506
3781,85.40614
3782,90.28146
3783,88.31312
3784,85.852005
3785,91.240585
3786,85.387054
3787,89.56059
3788,90.78679
3789,86.1732
3790,88.81364
3791,89.001175
3792,87.8697
3793,88.73875
3794,95.1936
3795,88.7221
3796,89.34505
3797,86.27554
3798,89.659325
3799,88.176186
3800,90.36628
3801,92.5959
3802,88.828835
3803,83.87517
3804,93.28779
3805,85.92785
3806,89.37661
3807,85.6127
3808,89.79119
3809,87.05993
3810,88.66817
3811,89.160576
3812,89.081764
3813,90.53374
3814,89.5534
3815,88.32789
3816,87.36689
3817,87.539856
3818,91.062126
3819,91.7135
3820,86.28708
3821,85.32224
3822,88.45867
3823,86.31534
3824,88.105484
3825,92.76391
3826,86.12972
3827,84.98735
3828,84.10962
3829,93.13246
3830,91.3944
3831,88.809906
3832,87.40258
3833,88.332
3834,85.14135
3835,85.73123
3836,89.453354
3837,90.90142
3838,88.430725
3839,84.190575
3840,91.08272
3841,88.441376
3842,92.06749
3843,87.42569
3844,89.48377
3845,88.551636
3846,88.20357
3847,86.15534
3848,90.044754
3849,83.71745
3850,87.40554
3851,87.82314
3852,91.81937
3853,93.84996
3854,87.05993
3855,87.05993
3856,86.83704
3857,89.67618
3858,89.537895
3859,83.22421
3860,91.594475
3861,85.935646
3862,86.686424
3863,88.88195
3864,85.50455
3865,84.548805
3866,86.398544
3867,91.33083
3868,92.48137
3869,91.46069
3870,89.00331
3871,90.51456
3872,89.11195
3873,86.5299
3874,84.94813
3875,90.3332
3876,85.93482
3877,90.13878
3878,87.61693
3879,87.75183
3880,86.98677
3881,82.25325
3882,86.37332
3883,82.985054
3884,84.25691
3885,89.62254
3886,90.578705
3887,88.04572
3888,90.03468
3889,89.077866
3890,86.48097
3891,83.76719
3892,88.09238
3893,85.91688
3894,89.04575
3895,94.75429
3896,91.83362
3897,88.79534
3898,84.93288
3899,87.411064
3900,89.12547
3901,87.32146
3902,88.89618
3903,89.326836
3904,84.14149
3905,88.83653
3906,87.777596
3907,85.88037
3908,82.17152
3909,87.074425
3910,84.15402
3911,90.50265
3912,82.028244
3913,86.86137
3914,90.24635
3915,92.410706
3916,88.2561
3917,78.91976
3918,88.42657
3919,95.0343
3920,89.18528
3921,87.42528
3922,85.73847
3923,85.852005
3924,92.94693
3925,89.63804
3926,88.81284
3927,83.89526
3928,92.00178
3929,89.43185
3930,87.05993
3931,92.327286
3932,94.22404
3933,86.6208
3934,86.502235
3935,89.35509
3936,86.83172
3937,82.9808
3938,85.44998
3939,88.864006
3940,81.18385
3941,87.554344
3942,85.00634
3943,89.21726
3944,86.35718
3945,83.23509
3946,89.18223
3947,87.533554
3948,89.69014
3949,87.63505
3950,89.78854
3951,91.42183
3952,87.332726
3953,89.65236
3954,89.11102
3955,92.11956
3956,87.05993
3957,91.00015
3958,92.24171
3959,89.63973
3960,93.00057
3961,92.25098
3962,89.77496
3963,91.36573
3964,87.76754
3965,87.389984
3966,90.85975
3967,87.827354
3968,86.61266
3969,85.082664
3970,87.58819
3971,86.04332
3972,93.34308
3973,85.559364
3974,86.9839
3975,88.18413
3976,86.13209
3977,91.79726
3978,94.09425
3979,90.50789
3980,86.6366
3981,90.55468
3982,88.23877
3983,88.85312
3984,88.57319
3985,87.21093
3986,87.090004
3987,87.421036
3988,90.084526
3989,88.50093
3990,89.87395
3991,85.32224
3992,92.53518
3993,87.21093
3994,88.64877
3995,93.14141
3996,89.34435
3997,86.47169
3998,89.89914
3999,88.667046
4000,84.15333
4001,91.47954
4002,95.537315
4003,88.45524
4004,84.33946
4005,84.33345
4006,84.93288
4007,86.78499
4008,91.35856
4009,85.79096
4010,87.573006
4011,87.67222
4012,85.97143
4013,89.62166
4014,89.791855
4015,87.76679
4016,89.05019
4017,86.36235
4018,84.63721
4019,88.2504
4020,81.74869
4021,93.30884
4022,81.99416
4023,87.33798
4024,82.35154
4025,89.37357
4026,92.28007
4027,86.32425
4028,87.30841
4029,87.05993
4030,90.06969
4031,83.20419
4032,88.34882
4033,86.486084
4034,84.84598
4035,87.98776
4036,94.159386
4037,91.58512
4038,83.95018
4039,88.72837
4040,84.438576
4041,89.20503
4042,88.32622
4043,90.40996
4044,92.928696
4045,87.84542
4046,86.50279
4047,85.34904
4048,89.405716
4049,87.0863
4050,90.56707
4051,86.433815
4052,87.730934
4053,87.689896
4054,89.92192
4055,89.70998
4056,87.78849
4057,89.21231
4058,92.08131
4059,87.39117
4060,89.40076
4061,86.018196
4062,84.72165
4063,86.60066
4064,86.70351
4065,84.725426
4066,86.86071
4067,87.61237
4068,92.27817
4069,88.13222
4070,87.5798
4071,85.05966
4072,84.26374
4073,89.76129
4074,87.05469
4075,87.05993
4076,88.23614
4077,90.99233
4078,86.20943
4079,86.69296
4080,88.056114
4081,87.71026
4082,90.746765
4083,87.84261
4084,87.925545
4085,86.58771
4086,82.454475
4087,91.78896
4088,93.04556
4089,85.55318
4090,90.24062
4091,87.05993
4092,90.30251
4093,89.343864
4094,87.48634
4095,86.50279
4096,90.13497
4097,85.4184
4098,85.852005
4099,88.50923
4100,88.92926
4101,89.77179
4102,91.909
4103,87.23923
4104,88.61016
4105,87.70405
4106,91.848495
4107,88.1216
4108,89.213745
4109,92.29387
4110,92.85345
4111,88.75061
4112,90.40069
4113,89.88267
4114,86.436806
4115,92.73042
4116,87.64584
4117,92.88765
4118,89.496475
4119,90.46445
4120,86.177666
4121,90.58751
4122,87.00954
4123,89.899895
4124,85.41381
4125,86.91666
4126,86.6366
4127,92.51467
4128,85.49028
4129,88.38775
4130,93.16578
4131,89.053154
4132,88.35872
4133,85.48303
4134,89.57677
4135,90.610435
4136,85.14229
4137,94.60616
4138,87.335915
4139,89.4561
4140,88.70228
4141,88.89667
4142,93.45924
4143,91.79769
4144,87.68076
4145,87.07289
4146,91.20037
4147,91.44272
4148,92.846016
4149,87.71834
4150,85.32224
4151,91.78328
4152,88.15839
4153,84.66314
4154,84.30681
4155,89.99238
4156,90.50769
4157,85.97998
4158,91.124435
4159,81.17246
4160,89.04908
4161,88.47023
4162,81.59806
4163,87.332405
4164,83.50515
4165,84.300896
4166,90.378
4167,86.46635
4168,90.38412
4169,89.483475
4170,86.758995
4171,89.23968
4172,82.63633
4173,92.0277
4174,92.31252
4175,87.04206
4176,96.32094
4177,86.24079
4178,90.0848
4179,86.32552
4180,89.07792
4181,85.5203
4182,88.38897
4183,86.79838
4184,87.59268
4185,84.37786
4186,85.714645
4187,90.57142
4188,89.87698
4189,89.3882
4190,90.20631
4191,89.09556
4192,89.27455
4193,92.37554
4194,85.0716
4195,92.26232
4196,90.89448
4197,85.57233
4198,89.405876
4199,86.84186
4200,92.40407
4201,86.71119
4202,85.88905
4203,87.389984
4204,87.00552
4205,90.83926
4206,94.21139
4207,82.682205
4208,90.392235
4209,86.766815
4210,88.18664
4211,84.384445
4212,87.954926
4213,90.18763
4214,87.1009
4215,89.837616
4216,88.90119
4217,88.5833
4218,89.241325
4219,90.27036
4220,85.18739
4221,84.3442
4222,93.88109
4223,88.52847
4224,88.37178
4225,88.46052
4226,90.35634
4227,86.91903
4228,82.53592
4229,87.67816
4230,87.51391
4231,87.05781
4232,89.199745
4233,82.32782
4234,87.11169
4235,87.51918
4236,81.811264
4237,90.459236
4238,90.18546
4239,89.50575
4240,88.97372
4241,90.07962
4242,87.83735
4243,85.209694
4244,88.26966
4245,87.60805
4246,88.17137
4247,90.75179
4248,87.25804
4249,89.4411
4250,87.54187
4251,89.13414
4252,90.80945
4253,85.25138
4254,88.557846
4255,87.12561
4256,86.82568
4257,81.546715
4258,82.398094
4259,93.32266
4260,87.14708
4261,89.843155
4262,83.88677
4263,93.816956
4264,87.34887
4265,92.3047
4266,86.863235
4267,88.96939
4268,95.40798
4269,86.59277
4270,84.11746
4271,89.217285
4272,92.41902
4273,87.41779
4274,91.52891
4275,81.47407
4276,89.770546
4277,89.51626
4278,89.39538
4279,88.00937
4280,84.64741
4281,83.70631
4282,86.07228
4283,82.01195
4284,89.69735
4285,88.51257
4286,88.18241
4287,90.207954
4288,90.125404
4289,85.86107
4290,88.76075
4291,89.52243
4292,92.981346
4293,87.705986
4294,93.26691
4295,89.319405
4296,87.78189
4297,84.74359
4298,89.52009
4299,83.070564
4300,87.41382
4301,81.523865
4302,89.48316
4303,91.647575
4304,90.910736
4305,88.67412
4306,86.76035
4307,84.57779
4308,89.89565
4309,88.38855
4310,90.23474
4311,89.71759
4312,86.7425
4313,84.95828
4314,84.597916
4315,85.08912
4316,90.8273
4317,82.93665
4318,89.71938
4319,84.08406
4320,88.242645
4321,91.98053
4322,88.68097
4323,88.27406
4324,92.62853
4325,89.20894
4326,87.8334
4327,94.05734
4328,89.86436
4329,89.967926
4330,87.090294
4331,86.3931
4332,92.02013
4333,93.59527
4334,86.13177
4335,89.19982
4336,90.08991
4337,87.35683
4338,84.57273
4339,86.430695
4340,88.66722
4341,88.787155
4342,88.4689
4343,93.80516
4344,83.122086
4345,88.81719
4346,87.182106
4347,84.74015
4348,88.797295
4349,86.66724
4350,90.76305
4351,91.02308
4352,89.1302
4353,81.895996
4354,89.69251
4355,85.367455
4356,89.27314
4357,84.96856
4358,90.20803
4359,90.16201
4360,89.395096
4361,86.24117
4362,83.151306
4363,92.918686
4364,84.09144
4365,92.01945
4366,87.06328
4367,84.65694
4368,86.72127
4369,83.86891
4370,94.1197
4371,84.85213
4372,88.2504
4373,90.88022
4374,87.05781
4375,87.122536
4376,90.38945
4377,86.895775
4378,86.75366
4379,90.32643
4380,89.305626
4381,89.87552
4382,89.56928
4383,90.41848
4384,88.99917
4385,89.85497
4386,88.83215
4387,91.79709
4388,92.601036
4389,86.064
4390,87.305
4391,87.85883
4392,88.69077
4393,82.90399
4394,88.04446
4395,82.049995
4396,87.05993
4397,84.039856
4398,87.866005
4399,89.819984
4400,89.22446
4401,88.68669
4402,87.740974
4403,87.05993
4404,90.999245
4405,85.14476
4406,86.01954
4407,88.0026
4408,84.54767
4409,92.313034
4410,89.08715
4411,88.441376
4412,89.8052
4413,88.11038
4414,89.49769
4415,94.97425
4416,87.607
4417,87.67697
4418,91.02551
4419,90.72053
4420,86.83172
4421,87.05993
4422,90.54026
4423,89.13403
4424,89.08204
4425,89.451195
4426,91.37349
4427,90.32999
4428,87.520195
4429,89.30991
4430,91.53626
4431,90.54103
4432,87.78933
4433,92.408424
4434,93.50576
4435,86.11151
4436,90.27617
4437,88.178085
4438,86.60806
4439,86.8807
4440,90.24684
4441,87.54614
4442,87.925545
4443,86.50748
4444,86.156654
4445,81.643776
4446,86.26288
4447,87.007034
4448,86.3148
4449,90.33949
4450,90.11593
4451,91.27768
4452,86.51111
4453,87.49367
4454,93.42438
4455,92.941795
4456,85.99807
4457,91.329735
4458,85.27534
4459,86.94162
4460,90.14508
4461,87.92329
4462,88.84974
4463,85.88037
4464,86.12749
4465,90.08023
4466,88.86107
4467,89.13934
4468,90.56067
4469,86.368286
4470,84.96335
4471,88.02521
4472,86.48673
4473,91.18566
4474,78.084564
4475,84.120804
4476,87.4474
4477,87.389984
4478,93.372375
4479,85.5335
4480,86.6019
4481,92.577225
4482,87.43871
4483,90.08314
4484,87.05993
4485,83.77363
4486,87.560936
4487,91.10988
4488,88.3061
4489,90.91806
4490,84.26257
4491,85.45146
4492,91.21964
4493,89.787155
4494,89.97395
4495,90.680244
4496,86.22965
4497,88.71652
4498,88.17978
4499,86.66724
4500,87.46175
4501,87.05993
4502,88.76399
4503,87.4474
4504,88.25331
4505,83.75168
4506,90.454506
4507,88.94241
4508,85.98425
4509,86.66724
4510,87.05993
4511,83.44757
4512,87.09433
4513,88.31142
4514,86.7866
4515,77.68449
4516,83.895546
4517,90.726845
4518,90.00329
4519,90.731926
4520,84.2785
4521,86.81815
4522,89.3336
4523,86.60794
4524,90.210655
4525,88.47959
4526,91.60935
4527,88.337296
4528,85.97143
4529,92.039894
4530,84.440796
4531,88.82656
4532,84.53527
4533,87.66168
4534,83.91988
4535,88.33233
4536,86.87312
4537,87.05993
4538,93.34873
4539,84.11503
4540,87.17856
4541,83.6949
4542,87.36486
4543,88.91575
4544,84.879105
4545,88.80258
4546,87.15555
4547,89.083145
4548,90.36614
4549,87.20353
4550,87.59335
4551,89.320496
4552,91.05538
4553,93.02784
4554,90.26386
4555,91.75932
4556,91.10775
4557,86.67578
4558,86.78594
4559,90.77802
4560,88.0974
4561,87.32526
4562,89.38911
4563,87.14005
4564,88.88681
4565,93.604294
4566,91.5376
4567,86.82554
4568,88.25588
4569,86.54861
4570,87.254524
4571,87.2917
4572,84.79659
4573,90.35104
4574,86.88722
4575,81.598656
4576,88.13551
4577,88.49891
4578,89.825836
4579,92.94727
4580,92.832794
4581,87.83738
4582,86.78499
4583,87.381035
4584,85.84743
4585,89.612656
4586,84.11276
4587,88.53937
4588,86.50445
4589,92.963844
4590,87.3848
4591,88.462494
4592,87.12808
4593,87.52986
4594,89.580345
4595,85.27335
4596,87.073845
4597,87.300514
4598,92.64788
4599,89.984795
4600,86.68621
4601,82.32719
4602,84.38231
4603,89.099205
4604,90.29114
4605,89.586044
4606,85.96051
4607,87.890594
4608,86.61676
4609,86.13209
4610,90.381294
4611,92.55782
4612,87.05993
4613,89.32389
4614,86.858864
4615,87.75908
4616,87.95093
4617,87.89993
4618,92.79545
4619,86.606674
4620,81.62153
4621,89.16477
4622,88.238205
4623,88.44661
4624,89.63154
4625,93.4295
4626,90.494286
4627,87.35683
4628,89.20603
4629,87.05993
4630,82.871635
4631,86.50827
4632,86.68022
4633,84.42265
4634,92.209274
4635,90.95184
4636,84.0208
4637,93.43547
4638,90.75169
4639,84.82371
4640,87.05993
4641,86.49953
4642,93.73877
4643,89.36603
4644,91.76683
4645,87.389984
4646,88.95445
4647,88.264366
4648,90.54672
4649,83.31507
4650,89.65697
4651,83.88751
4652,89.826546
4653,88.8745
4654,84.12525
4655,86.12004
4656,87.03007
4657,86.81724
4658,85.68463
4659,87.4474
4660,91.60861
4661,91.21205
4662,85.875725
4663,84.97295
4664,91.00528
4665,86.81724
4666,93.98676
4667,86.94169
4668,89.70135
4669,87.05993
4670,89.95685
4671,91.11865
4672,91.3367
4673,87.95913
4674,89.66369
4675,86.66724
4676,91.21851
4677,93.69181
4678,91.05707
4679,85.40238
4680,87.07289
4681,89.169846
4682,90.018166
4683,87.68671
4684,86.29895
4685,92.11186
4686,85.45443
4687,86.66724
4688,87.87543
4689,91.32726
4690,87.502144
4691,80.98617
4692,81.52503
4693,86.51143
4694,83.22199
4695,90.347664
4696,87.397125
4697,90.85521
4698,87.97925
4699,87.849266
4700,88.55208
4701,91.06021
4702,86.68621
4703,91.342224
4704,90.59009
4705,92.54025
4706,88.126884
4707,86.97794
4708,80.038605
4709,86.28475
4710,88.6402
4711,89.737656
4712,86.34276
4713,90.84606
4714,86.06646
4715,89.552666
4716,86.0044
4717,93.900375
4718,86.84073
4719,93.10724
4720,83.21883
4721,88.82538
4722,89.322235
4723,85.74652
4724,88.999344
4725,88.916824
4726,93.02597
4727,87.05993
4728,87.56964
4729,87.56503
4730,92.39339
4731,94.680855
4732,88.697235
4733,86.51038
4734,89.69247
4735,87.389984
4736,89.26093
4737,86.95774
4738,85.78571
4739,89.87933
4740,86.92912
4741,87.14516
4742,87.868
4743,89.62639
4744,90.03291
4745,83.52122
4746,87.93217
4747,91.26557
4748,84.432785
4749,83.75821
4750,90.796776
4751,85.99561
4752,92.42799
4753,90.426445
4754,92.953835
4755,88.172615
4756,90.05373
4757,88.27132
4758,83.792015
4759,86.88913
4760,87.208694
4761,87.05993
4762,88.39332
4763,88.45754
4764,86.80307
4765,88.37607
4766,84.59814
4767,88.11846
4768,85.787056
4769,90.24657
4770,87.4474
4771,90.65311
4772,88.89715
4773,89.87083
4774,89.784325
4775,86.08207
4776,85.58091
4777,87.05993
4778,86.457
4779,84.45182
4780,89.331154
4781,92.89461
4782,87.13955
4783,90.59765
4784,88.402885
4785,84.04294
4786,87.856255
4787,90.236786
4788,84.39771
4789,88.51551
4790,82.32846
4791,88.498795
4792,87.42981
4793,88.441376
4794,88.12351
4795,91.00309
4796,85.852005
4797,91.844635
4798,86.13265
4799,94.41577
4800,86.47833
4801,92.26401
4802,88.48387
4803,88.499054
4804,86.58771
4805,90.47318
4806,87.35796
4807,92.02485
4808,90.474365
4809,91.83545
4810,88.87398
4811,88.376366
4812,91.801445
4813,86.222664
4814,89.85517
4815,82.112
4816,88.38151
4817,82.944275
4818,86.33651
4819,89.066414
4820,89.878784
4821,86.66724
4822,87.14005
4823,88.574974
4824,89.65999
4825,88.188446
4826,88.12924
4827,90.49596
4828,87.72457
4829,82.33338
4830,89.43104
4831,85.3533
4832,89.2157
4833,87.919785
4834,87.05993
4835,88.42427
4836,92.8372
4837,89.783936
4838,84.94213
4839,87.001595
4840,86.83172
4841,88.24517
4842,86.766815
4843,85.83451
4844,88.43822
4845,80.06541
4846,86.14254
4847,85.84743
4848,87.5973
4849,86.6366
4850,93.56885
4851,92.0672
4852,85.490364
4853,87.38417
4854,88.65177
4855,87.157845
4856,87.98418
4857,86.26099
4858,89.49684
4859,89.624855
4860,87.37683
4861,88.65212
4862,91.05239
4863,90.82432
4864,90.17306
4865,83.642265
4866,88.63025
4867,88.36092
4868,87.42152
4869,86.60066
4870,86.33914
4871,93.372246
4872,87.513435
4873,86.91824
4874,88.52229
4875,90.185776
4876,84.00909
4877,87.89694
4878,84.79213
4879,87.53958
4880,89.19017
4881,88.06455
4882,85.27335
4883,84.15333
4884,90.20079
4885,88.39942
4886,86.8841
4887,84.701675
4888,80.77414
4889,85.03932
4890,89.41034
4891,89.67763
4892,86.66876
4893,87.56257
4894,88.09851
4895,93.25887
4896,82.968605
4897,85.758385
4898,87.817375
4899,89.63101
4900,83.38191
4901,89.93221
4902,85.70969
4903,85.12147
4904,89.946014
4905,87.96773
4906,85.454025
4907,87.14005
4908,88.633965
4909,86.299835
4910,90.30845
4911,91.51278
4912,84.438034
4913,84.88087
4914,91.96498
4915,83.88991
4916,89.40307
4917,84.879105
4918,87.05993
4919,85.69799
4920,84.548805
4921,84.266426
4922,85.32451
4923,87.041046
4924,83.40944
4925,86.511536
4926,89.544174
4927,82.47567
4928,87.1876
4929,88.516335
4930,91.41279
4931,88.57009
4932,82.91155
4933,90.81069
4934,91.69993
4935,89.90234
4936,88.45472
4937,91.10569
4938,89.15395
4939,90.0656
4940,87.81195
4941,87.082214
4942,88.18357
4943,95.542404
4944,92.90252
4945,87.31473
4946,89.23578
4947,87.82536
4948,87.86441
4949,83.72614
4950,88.05188
4951,91.158745
4952,86.83172
4953,87.84858
4954,88.27361
4955,90.69596
4956,85.835304
4957,87.7918
4958,89.08669
4959,92.12095
4960,84.18015
4961,88.568924
4962,88.28165
4963,85.559364
4964,82.51152
4965,86.13209
4966,87.05993
4967,83.605286
4968,83.68185
4969,85.7927
4970,89.175026
4971,81.88167
4972,87.03786
4973,86.016495
4974,86.11631
4975,87.566475
4976,87.404915
4977,86.85062
4978,91.460236
4979,88.968735
4980,89.225235
4981,87.56047
4982,88.20401
4983,95.84399
4984,86.98833
4985,87.450874
4986,87.25804
4987,87.22618
4988,93.63982
4989,93.34373
4990,80.00266
4991,90.87454
4992,88.22906
4993,88.15113
4994,88.2834
4995,86.531494
4996,84.438576
4997,87.36544
4998,85.32224
4999,84.03037
